event_id,well_id,formation,depth,event,severity,precursors,mitigation,outcome,source
EV-0001,WELL-001,Formation-Y,3426.16,Kick,Severe,ROP decrease; Torque increase; ECD increase; Pit-volume deviation,Operational response and circulation management,Condition stabilized after intervention,DDR-WELL-001-DEMO
EV-0002,WELL-005,Formation-X,2553.2,Lost Circulation,Moderate,ROP decrease; Torque increase; ECD increase; Pit-volume deviation,LCM treatment and controlled drilling parameters,Condition stabilized after intervention,DDR-WELL-005-DEMO
EV-0003,WELL-007,Formation-Z,3035.7,Kick,Severe,ROP decrease; Torque increase; ECD increase; Pit-volume deviation,Operational response and circulation management,Condition stabilized after intervention,DDR-WELL-007-DEMO
EV-0004,WELL-010,Formation-X,2510.08,Stuck Pipe,Severe,ROP decrease; Torque increase; ECD increase; Pit-volume deviation,Operational response and circulation management,Condition stabilized after intervention,DDR-WELL-010-DEMO
EV-0005,WELL-011,Formation-Y,3401.48,Lost Circulation,Moderate,ROP decrease; Torque increase; ECD increase; Pit-volume deviation,LCM treatment and controlled drilling parameters,Condition stabilized after intervention,DDR-WELL-011-DEMO
EV-0006,WELL-012,Formation-Y,2812.39,Stuck Pipe,Severe,ROP decrease; Torque increase; ECD increase; Pit-volume deviation,Operational response and circulation management,Condition stabilized after intervention,DDR-WELL-012-DEMO
EV-0007,WELL-013,Formation-Z,2813.19,Kick,Severe,ROP decrease; Torque increase; ECD increase; Pit-volume deviation,Operational response and circulation management,Condition stabilized after intervention,DDR-WELL-013-DEMO
EV-0008,WELL-014,Formation-X,2663.64,Lost Circulation,Severe,ROP decrease; Torque increase; ECD increase; Pit-volume deviation,LCM treatment and controlled drilling parameters,Condition stabilized after intervention,DDR-WELL-014-DEMO
EV-0009,WELL-015,Formation-Y,2971.1,Lost Circulation,Moderate,ROP decrease; Torque increase; ECD increase; Pit-volume deviation,LCM treatment and controlled drilling parameters,Condition stabilized after intervention,DDR-WELL-015-DEMO
EV-0010,WELL-017,Formation-Y,2669.45,Kick,Severe,ROP decrease; Torque increase; ECD increase; Pit-volume deviation,Operational response and circulation management,Condition stabilized after intervention,DDR-WELL-017-DEMO
EV-0011,WELL-018,Formation-Y,2941.36,Lost Circulation,Moderate,ROP decrease; Torque increase; ECD increase; Pit-volume deviation,LCM treatment and controlled drilling parameters,Condition stabilized after intervention,DDR-WELL-018-DEMO
EV-0012,WELL-019,Formation-Z,2780.9,Stuck Pipe,Severe,ROP decrease; Torque increase; ECD increase; Pit-volume deviation,Operational response and circulation management,Condition stabilized after intervention,DDR-WELL-019-DEMO
EV-0013,WELL-020,Formation-Y,2976.41,Stuck Pipe,Severe,ROP decrease; Torque increase; ECD increase; Pit-volume deviation,Operational response and circulation management,Condition stabilized after intervention,DDR-WELL-020-DEMO
EV-0014,WELL-025,Formation-Y,3090.92,Lost Circulation,Severe,ROP decrease; Torque increase; ECD increase; Pit-volume deviation,LCM treatment and controlled drilling parameters,Condition stabilized after intervention,DDR-WELL-025-DEMO
EV-0015,WELL-027,Formation-X,2741.92,Stuck Pipe,Severe,ROP decrease; Torque increase; ECD increase; Pit-volume deviation,Operational response and circulation management,Condition stabilized after intervention,DDR-WELL-027-DEMO
