well_id,latitude,longitude,formation,trajectory,total_depth,hole_section
WELL-001,27.575248805222177,95.33657627744623,Formation-Y,Directional,3717.526798033357,"12.25"""
WELL-002,27.62058369074242,95.3407402746604,Formation-X,Horizontal,3700.7650175872795,"6"""
WELL-003,27.595642608505035,95.37752689723887,Formation-X,Horizontal,3735.9868759950355,"8.5"""
WELL-004,27.566686379052946,95.39308076776514,Formation-Z,Horizontal,3470.1077107059546,"6"""
WELL-005,27.64300276114098,95.34780393893121,Formation-X,Directional,3656.0660982382965,"8.5"""
WELL-006,27.61108911667522,95.37108861189797,Formation-X,Directional,3866.0846095567586,"6"""
WELL-007,27.573363705645125,95.36484669375342,Formation-Z,Vertical,3152.497508052481,"6"""
WELL-008,27.560897082344177,95.36156833589833,Formation-Z,Directional,3150.323190318124,"8.5"""
WELL-009,27.571998924925087,95.38116262352904,Formation-X,Horizontal,3085.8019315265165,"6"""
WELL-010,27.595564180881937,95.3850906935978,Formation-X,Directional,3694.952026211333,"8.5"""
WELL-011,27.615578156899964,95.3254868009521,Formation-Y,Directional,3883.4810726471314,"8.5"""
WELL-012,27.565561208258945,95.37972984261432,Formation-Y,Horizontal,3047.7361433318342,"12.25"""
WELL-013,27.589243759895957,95.36096403372767,Formation-Z,Vertical,3330.6956159879355,"12.25"""
WELL-014,27.617009200149628,95.3685073091071,Formation-X,Directional,3116.72496537841,"6"""
WELL-015,27.609330435792664,95.38332070264981,Formation-Y,Horizontal,3785.2650826218387,"8.5"""
WELL-016,27.61535927262202,95.31668522033709,Formation-X,Vertical,3223.0431494390937,"12.25"""
WELL-017,27.58763875525972,95.33608341656698,Formation-Y,Directional,3008.7320085709002,"12.25"""
WELL-018,27.56300291384979,95.34893579753056,Formation-Y,Horizontal,3626.1924429950236,"8.5"""
WELL-019,27.607586871431366,95.33803441668722,Formation-Z,Vertical,3485.3478579314933,"12.25"""
WELL-020,27.609008720268765,95.33916822001122,Formation-Y,Horizontal,3228.954255735469,"12.25"""
WELL-021,27.558533749946164,95.34148116677531,Formation-X,Vertical,3366.864474775318,"8.5"""
WELL-022,27.63500647000762,95.3889611898768,Formation-X,Directional,3632.480851080319,"6"""
WELL-023,27.5801024588227,95.38259720518961,Formation-X,Directional,3705.99063190835,"6"""
WELL-024,27.612387164641724,95.30880676490649,Formation-Y,Horizontal,3567.2896220460543,"6"""
WELL-025,27.573350152013553,95.35309752327785,Formation-Y,Vertical,3263.1552251410108,"6"""
WELL-026,27.62736840635265,95.37499381711469,Formation-X,Horizontal,3624.8455719987633,"12.25"""
WELL-027,27.564586048229792,95.3813306345729,Formation-X,Vertical,3633.659855923301,"8.5"""
WELL-028,27.594140665931082,95.3801346285883,Formation-Z,Vertical,3639.424574798514,"12.25"""
WELL-029,27.564978810583803,95.32931242432157,Formation-Y,Directional,3729.4671478938826,"6"""
WELL-030,27.635317080120256,95.33890713993087,Formation-Y,Horizontal,3435.747554091413,"12.25"""
